City_ID,City,Country,Lat,Lng,Max Temp,Humidity,Cloudiness,Wind Speed,Current Description
0,Rohnert Park,US,38.3396,-122.7011,53.01,81,1,0.6,clear sky
1,Rikitea,PF,-23.1203,-134.9692,77.38,72,96,12.06,overcast clouds
2,Coolum Beach,AU,-26.5333,153.1,77.0,97,96,10.69,overcast clouds
3,Albany,US,42.6001,-73.9662,28.99,75,100,4.45,snow
4,Jamestown,US,42.097,-79.2353,19.99,73,90,17.27,light snow
5,Bluff,NZ,-46.6,168.3333,54.05,85,100,5.1,overcast clouds
6,Damaturu,NG,11.747,11.9608,80.58,17,49,8.52,scattered clouds
7,Lukulu,ZM,-14.3707,23.242,71.37,90,100,1.03,light rain
8,Kharp,RU,66.8014,65.8081,-3.55,90,100,14.54,light snow
9,Barrow,US,71.2906,-156.7887,-22.0,76,90,10.36,overcast clouds
10,Saldanha,ZA,-33.0117,17.9442,69.8,56,0,24.16,clear sky
11,Manthani,IN,18.65,79.6667,65.32,27,85,6.62,overcast clouds
12,Tuktoyaktuk,CA,69.4541,-133.0374,-23.8,76,75,14.97,snow
13,Atar,MR,20.5169,-13.0499,73.15,21,0,15.12,clear sky
14,Los Llanos De Aridane,ES,28.6585,-17.9182,64.4,68,40,8.05,scattered clouds
15,Cidreira,BR,-30.1811,-50.2056,76.41,62,35,10.42,scattered clouds
16,Yellowknife,CA,62.456,-114.3525,-47.2,66,1,3.44,clear sky
17,Tomatlan,MX,19.9333,-105.25,87.69,44,13,4.21,few clouds
18,Katsuura,JP,35.1333,140.3,44.6,53,0,12.66,clear sky
19,Puerto Ayora,EC,-0.7393,-90.3518,84.2,70,0,17.27,light rain
20,Qaanaaq,GL,77.484,-69.3632,12.85,86,100,6.02,overcast clouds
21,Fairbanks,US,64.8378,-147.7164,-14.01,76,1,3.44,clear sky
22,Ushuaia,AR,-54.8,-68.3,57.2,54,0,16.11,clear sky
23,Hilo,US,19.7297,-155.09,63.0,59,1,9.22,clear sky
24,Mataura,NZ,-46.1927,168.8643,50.13,89,98,1.7,overcast clouds
25,Esso,RU,55.9333,158.7,23.02,93,89,12.93,snow
26,Port Hardy,CA,50.6996,-127.4199,37.4,93,75,10.36,light rain
27,Busselton,AU,-33.65,115.3333,63.0,99,100,9.13,overcast clouds
28,Butaritari,KI,3.0707,172.7902,80.64,81,43,18.21,scattered clouds
29,Mahebourg,MU,-20.4081,57.7,80.6,74,20,10.36,few clouds
30,Barcelos,PT,41.5388,-8.6151,50.0,100,90,19.57,light intensity drizzle
31,Kuching,MY,1.55,110.3333,75.2,100,20,3.44,few clouds
32,Ust-Nera,RU,64.5667,143.2,-10.34,75,96,5.93,overcast clouds
33,Moron,AR,-34.6534,-58.6198,93.99,33,0,5.01,clear sky
34,Tasiilaq,GL,65.6145,-37.6368,19.4,58,0,2.3,clear sky
35,Keita,NE,14.7551,5.7749,89.6,8,41,4.61,scattered clouds
36,Hobart,AU,-42.8794,147.3294,53.6,62,40,5.75,scattered clouds
37,Gizo,SB,-8.103,156.8419,82.33,78,57,8.21,light rain
38,Ulladulla,AU,-35.35,150.4667,66.0,77,90,10.36,overcast clouds
39,Avarua,CK,-21.2078,-159.775,78.8,89,1,3.44,clear sky
40,Najran,SA,17.4924,44.1277,69.8,35,31,4.61,scattered clouds
41,Padang,ID,-0.9492,100.3543,78.8,89,20,2.3,light rain
42,Mar Del Plata,AR,-38.0023,-57.5575,63.0,100,90,12.66,moderate rain
43,Havre-Saint-Pierre,CA,50.2334,-63.5986,23.0,68,1,28.77,clear sky
44,Punta Arenas,CL,-53.15,-70.9167,64.4,27,0,12.66,clear sky
45,New Norfolk,AU,-42.7826,147.0587,53.6,62,40,5.75,scattered clouds
46,Hami,CN,42.8,93.45,30.97,80,36,4.41,scattered clouds
47,Bredasdorp,ZA,-34.5322,20.0403,69.8,56,59,9.22,broken clouds
48,Arawa,PG,-6.2132,155.5367,77.81,81,98,1.9,overcast clouds
49,Kampot,KH,10.6167,104.1833,75.2,88,20,1.14,few clouds
50,Arraial Do Cabo,BR,-22.9661,-42.0278,77.0,83,75,5.75,moderate rain
51,Aklavik,CA,68.2191,-135.0107,-13.0,70,90,12.66,snow
52,Hermanus,ZA,-34.4187,19.2345,68.0,73,38,6.35,scattered clouds
53,Luzhou,CN,28.8724,105.4405,58.64,56,100,1.48,overcast clouds
54,Sao Filipe,CV,14.8961,-24.4956,71.33,71,84,15.17,broken clouds
55,Coahuayana,MX,18.7333,-103.6833,75.2,69,1,6.91,clear sky
56,Thompson,CA,55.7435,-97.8558,-32.8,61,75,17.27,snow
57,Coihaique,CL,-45.5752,-72.0662,71.6,40,20,8.05,few clouds
58,Fraserburgh,GB,57.6874,-2.0184,30.0,78,100,8.99,overcast clouds
59,Hambantota,LK,6.1241,81.1185,77.77,79,13,16.8,few clouds
60,Lorengau,PG,-2.0226,147.2712,81.72,79,98,7.81,overcast clouds
61,Tura,IN,25.5198,90.2201,58.89,43,35,2.48,scattered clouds
62,Narsaq,GL,60.9167,-46.05,37.4,30,90,47.18,overcast clouds
63,Svetlogorsk,BY,52.6333,29.7333,5.07,92,71,3.24,broken clouds
64,Sechura,PE,-5.5569,-80.8222,84.52,50,5,9.64,clear sky
65,Nikolskoye,RU,59.7035,30.7861,15.8,92,75,8.95,light snow
66,College,US,64.8569,-147.8028,-14.01,76,40,2.95,scattered clouds
67,Luderitz,NA,-26.6481,15.1594,73.72,55,0,31.09,clear sky
68,Cape Town,ZA,-33.9258,18.4232,69.8,60,0,24.16,clear sky
69,San Ramon,US,37.7799,-121.978,57.99,67,1,2.98,clear sky
70,Hukuntsi,BW,-24.0,21.75,74.89,68,13,8.97,few clouds
71,Guerrero Negro,MX,27.9769,-114.0611,71.56,23,0,5.1,clear sky
72,Chuy,UY,-33.6971,-53.4616,76.53,60,1,9.64,clear sky
73,Buluang,PH,13.3068,123.3425,75.65,87,97,5.68,overcast clouds
74,Vagur,FO,61.4732,-6.8119,37.15,78,96,17.07,overcast clouds
75,Bathsheba,BB,13.2167,-59.5167,82.4,61,75,27.63,broken clouds
76,Lavrentiya,RU,65.5833,-171.0,-11.22,84,0,5.3,clear sky
77,Khatanga,RU,71.9667,102.5,-31.58,79,0,9.4,clear sky
78,Longonjo,AO,-12.9067,15.2533,70.66,57,100,2.62,overcast clouds
79,Te Anau,NZ,-45.4167,167.7167,55.27,79,98,3.13,light rain
80,Dikson,RU,73.5069,80.5464,-30.84,85,89,11.7,overcast clouds
81,Naze,JP,28.3667,129.4833,57.72,64,0,8.72,clear sky
82,Saskylakh,RU,71.9167,114.0833,-38.09,78,27,11.72,scattered clouds
83,Mestia,GE,43.0458,42.7278,34.84,83,100,3.94,snow
84,Georgetown,MY,5.4112,100.3354,82.4,83,20,3.44,few clouds
85,Danielskuil,ZA,-28.1887,23.5395,77.23,37,4,1.28,clear sky
86,Juba,SS,4.8517,31.5825,80.31,17,93,3.53,overcast clouds
87,Atuona,PF,-9.8,-139.0333,79.43,74,48,21.7,scattered clouds
88,Hithadhoo,MV,-0.6,73.0833,81.9,71,44,8.93,scattered clouds
89,Victoria,HK,22.2855,114.1577,68.0,85,0,10.58,clear sky
90,Kirovskiy,RU,45.0917,133.5136,-13.76,89,98,3.38,overcast clouds
91,Flin Flon,CA,54.7682,-101.865,-34.6,61,1,12.66,snow
92,Gunzenhausen,DE,49.1,10.75,36.0,100,90,5.75,light snow
93,Dolinsk,RU,47.35,142.8,-13.0,77,24,2.24,few clouds
94,Turbat,PK,26.0023,63.044,56.52,38,0,0.87,clear sky
95,Hasaki,JP,35.7333,140.8333,39.2,65,75,5.75,broken clouds
96,Severo-Kurilsk,RU,50.6789,156.125,16.86,87,82,13.11,broken clouds
97,Lata,PT,40.1629,-8.3327,53.01,93,100,1.99,overcast clouds
98,Provideniya,RU,64.3833,-173.3,-3.78,78,40,16.82,scattered clouds
99,Tiksi,RU,71.6872,128.8694,-28.34,83,66,3.4,broken clouds
100,Cabo San Lucas,MX,22.8909,-109.9124,77.0,64,40,8.05,scattered clouds
101,Halifax,CA,44.6453,-63.5724,30.2,47,100,2.3,overcast clouds
102,Yorosso,ML,12.3536,-4.7761,92.53,12,40,7.94,scattered clouds
103,Zambezi,ZM,-13.5432,23.1047,72.41,85,100,2.24,light rain
104,Bubaque,GW,11.2833,-15.8333,78.78,61,1,16.62,clear sky
105,Grand Forks,US,47.9417,-97.4337,-11.99,58,40,4.61,scattered clouds
106,Koroni,GR,36.8,21.95,64.0,82,75,13.4,broken clouds
107,Nicoya,CR,10.1483,-85.452,91.4,40,0,17.27,clear sky
108,Clyde River,CA,70.4692,-68.5914,-4.0,84,75,16.11,broken clouds
109,Ostrovnoy,RU,68.0531,39.5131,6.37,88,100,1.59,overcast clouds
110,Male,MV,4.1748,73.5089,82.4,89,75,12.66,broken clouds
111,Scottsbluff,US,41.8666,-103.6672,14.0,79,90,5.75,light snow
112,Laguna,US,38.421,-121.4238,54.0,87,1,4.0,clear sky
113,Khani,GE,41.9563,42.9566,44.6,100,75,2.3,broken clouds
114,Vostok,RU,46.4856,135.8833,-13.63,90,100,2.84,overcast clouds
115,Aden,YE,12.7794,45.0367,75.49,65,9,3.11,clear sky
116,Longyearbyen,SJ,78.2186,15.6401,15.8,73,75,19.57,light snow
117,Vardo,NO,70.3705,31.1107,23.0,86,75,32.21,snow
118,Norman Wells,CA,65.282,-126.8329,-27.4,75,75,3.44,broken clouds
119,Markivka,UA,49.5229,39.5705,13.48,78,43,9.55,scattered clouds
120,Porto Empedocle,IT,37.2934,13.5264,55.99,86,64,5.3,broken clouds
121,Port Augusta,AU,-32.5,137.7667,62.6,77,0,10.36,clear sky
122,Kruisfontein,ZA,-34.0033,24.7314,64.99,93,100,4.0,overcast clouds
123,Ketchikan,US,55.3422,-131.6461,28.4,74,1,9.22,clear sky
124,Half Moon Bay,US,37.4636,-122.4286,57.0,82,1,4.61,haze
125,Port Alfred,ZA,-33.5906,26.891,66.99,95,70,11.81,light rain
126,Yar-Sale,RU,66.8333,70.8333,-11.72,90,100,24.76,light snow
127,Carnarvon,AU,-24.8667,113.6333,78.8,100,40,12.66,scattered clouds
128,Beringovskiy,RU,63.05,179.3167,-2.2,90,100,14.76,overcast clouds
129,Nuuk,GL,64.1835,-51.7216,33.8,40,0,6.91,clear sky
130,Castro,BR,-24.7911,-50.0119,75.94,45,0,4.23,clear sky
131,Yumen,CN,40.2833,97.2,28.45,74,66,3.51,broken clouds
132,Vaini,TO,-21.2,-175.2,78.8,89,75,12.66,moderate rain
133,Qaqortoq,GL,60.7167,-46.0333,37.4,30,98,47.18,overcast clouds
134,Alappuzha,IN,9.49,76.3264,78.73,71,14,3.2,few clouds
135,Ebbs,AT,47.6333,12.2167,42.01,87,95,1.99,light rain
136,Abu Samrah,SY,35.3029,37.1841,54.3,78,0,8.16,clear sky
137,Krasnoselkup,RU,65.7,82.4667,7.9,95,100,17.25,light snow
138,Gardelegen,DE,52.5252,11.3952,21.99,65,100,5.99,light snow
139,Plouzane,FR,48.3833,-4.6167,41.0,75,90,14.97,overcast clouds
140,Nantucket,US,41.2835,-70.0995,35.01,100,90,11.5,snow
141,Isiro,CD,2.7739,27.616,73.53,29,74,1.92,broken clouds
142,Souillac,MU,-20.5167,57.5167,80.6,74,20,10.36,light rain
143,Moose Factory,CA,51.2585,-80.6094,-7.6,59,90,9.22,haze
144,Bereznik,RU,62.8551,42.7072,-16.11,87,99,7.63,overcast clouds
145,Madang,PG,-5.2246,145.7966,76.8,87,100,4.16,overcast clouds
146,Praia Da Vitoria,PT,38.7333,-27.0667,59.0,88,75,16.33,broken clouds
147,Bethel,US,41.3712,-73.414,28.0,93,90,8.05,snow
148,East London,ZA,-33.0153,27.9116,71.6,88,75,6.91,broken clouds
149,Fare,PF,-16.7,-151.0167,81.05,74,53,11.9,broken clouds
150,Lagoa,PT,39.05,-27.9833,57.7,73,100,20.27,overcast clouds
151,Flinders,AU,-34.5833,150.8552,66.0,81,71,1.01,broken clouds
152,Poum,NC,-20.2333,164.0167,80.1,70,99,6.85,overcast clouds
153,Namibe,AO,-15.1961,12.1522,73.09,77,97,6.13,overcast clouds
154,Trat,TH,12.5,102.5,73.94,83,60,0.83,broken clouds
155,Pestravka,RU,52.405,49.9583,-8.12,88,75,11.52,broken clouds
156,Nanortalik,GL,60.1432,-45.2371,32.61,87,100,15.08,overcast clouds
157,Limbang,MY,4.75,115.0,80.6,89,75,3.44,broken clouds
158,Przasnysz,PL,53.0191,20.8803,12.0,78,0,8.05,clear sky
159,Gao,ML,16.6362,1.637,82.56,14,96,5.28,overcast clouds
160,Mutis,CO,6.2262,-77.4044,84.43,74,94,2.86,light rain
161,Kahului,US,20.8947,-156.47,68.0,72,40,4.61,scattered clouds
162,Namatanai,PG,-3.6667,152.4333,80.31,80,85,4.99,light rain
163,Santa Maria,BR,-29.6842,-53.8069,84.2,45,20,6.91,few clouds
164,Ust-Shonosha,RU,61.1531,41.343,-15.72,87,100,6.89,overcast clouds
165,Skelleftea,SE,64.7507,20.9528,17.6,93,0,6.91,clear sky
166,Nyurba,RU,63.2842,118.3319,-5.39,88,100,7.96,overcast clouds
167,Pochutla,MX,15.7432,-96.4661,82.99,69,90,9.22,overcast clouds
168,Nishihara,JP,26.1842,127.7558,62.6,63,1,3.44,clear sky
169,Camacha,PT,33.0833,-16.3333,62.6,77,75,17.27,broken clouds
170,Lebu,CL,-37.6167,-73.65,64.65,75,86,7.61,overcast clouds
171,Vila Franca Do Campo,PT,37.7167,-25.4333,62.01,77,75,16.11,broken clouds
172,Lae,PG,-6.7221,146.9847,78.94,76,97,6.11,overcast clouds
173,Plover,US,44.4564,-89.544,-6.0,54,1,9.22,clear sky
174,Komsomolskiy,UZ,40.4272,71.7189,44.82,84,100,2.73,overcast clouds
175,Esperance,AU,-33.8667,121.9,64.4,82,90,14.97,overcast clouds
176,Belmonte,BR,-15.8631,-38.8828,82.4,89,75,9.22,broken clouds
177,Faya,SA,18.3851,42.4509,57.2,62,0,6.33,clear sky
178,Puerto Ayacucho,VE,5.6639,-67.6236,94.37,45,93,0.98,overcast clouds
179,Jalu,LY,29.0331,21.5482,68.23,25,68,12.66,broken clouds
180,Waipawa,NZ,-41.4122,175.5153,62.6,88,75,19.57,broken clouds
181,Khon Buri,TH,14.5254,102.2459,80.01,77,4,3.2,clear sky
182,Nahuala,GT,14.85,-91.3167,73.4,35,0,11.5,clear sky
183,Dandong,CN,40.1292,124.3947,14.38,86,0,7.61,clear sky
184,Ribeira Grande,PT,38.5167,-28.7,62.6,67,40,19.57,scattered clouds
185,San Cristobal,VE,7.7669,-72.225,87.8,51,40,9.22,scattered clouds
186,Pangnirtung,CA,66.1451,-65.7125,35.6,35,20,12.66,few clouds
187,Jibuti,DJ,11.5,42.5,77.0,73,20,5.75,few clouds
188,Hobyo,SO,5.3505,48.5268,78.28,77,11,19.01,few clouds
189,Aktau,KZ,43.65,51.2,30.2,80,0,11.18,clear sky
190,Balsas,BR,-7.5325,-46.0356,82.87,67,65,5.73,broken clouds
191,Hot Springs,US,34.5037,-93.0552,39.2,81,90,8.05,overcast clouds
192,Port Hedland,AU,-20.3167,118.5667,78.8,69,0,9.22,clear sky
193,Malanje,AO,-9.5402,16.341,67.91,94,98,5.79,moderate rain
194,Brekstad,NO,63.687,9.6654,25.0,86,20,9.22,few clouds
195,Limanu,RO,43.8,28.5333,45.0,100,90,14.97,light intensity drizzle
196,Gat,IL,31.61,34.7642,61.0,100,0,4.88,clear sky
197,Bandarbeyla,SO,9.4942,50.8122,76.37,78,1,17.63,clear sky
198,Mastic,US,40.802,-72.8409,33.01,93,90,17.27,snow
199,Upernavik,GL,72.7868,-56.1549,18.9,81,33,4.21,scattered clouds
200,Grenada,ES,37.1882,-3.6067,48.2,76,75,8.05,broken clouds
201,Acapulco,MX,16.8634,-99.8901,84.2,61,40,5.08,scattered clouds
202,Sibolga,ID,1.7427,98.7792,77.36,80,93,3.36,overcast clouds
203,Codrington,AU,-38.2667,141.9667,56.28,70,99,10.71,overcast clouds
204,Kavieng,PG,-2.5744,150.7967,82.53,77,42,8.77,scattered clouds
205,Luanda,AO,-8.8368,13.2343,80.6,78,75,8.05,broken clouds
206,Pimentel,PE,-6.8367,-79.9342,87.8,45,0,14.97,clear sky
207,Vitim,RU,59.4511,112.5578,12.87,94,100,10.54,light snow
208,Balkhash,KZ,46.844,74.9804,24.37,99,69,3.8,broken clouds
209,Tazovskiy,RU,67.4667,78.7,-12.86,90,100,19.15,light snow
210,Dalvik,IS,65.9702,-18.5286,32.0,74,75,2.3,broken clouds
211,Marshall,US,34.3834,-86.3333,43.0,70,90,8.05,overcast clouds
212,Nhulunbuy,AU,-12.2333,136.7667,80.6,83,100,10.36,overcast clouds
213,Hindoria,IN,23.9,79.5667,55.49,39,0,3.36,clear sky
214,Baherden,TM,38.4362,57.4316,58.35,56,95,1.61,overcast clouds
215,Stephenville,US,32.2207,-98.2023,52.0,58,1,16.11,clear sky
216,Pacific Grove,US,36.6177,-121.9166,52.0,81,1,6.91,clear sky
217,Porto Santo,PT,33.072,-16.3415,62.6,77,75,17.27,broken clouds
218,San Patricio,US,28.017,-97.5169,71.6,46,1,13.8,clear sky
219,Saint-Georges,GD,12.0564,-61.7485,84.2,65,20,23.02,few clouds
220,Kinshasa,CD,-4.3246,15.3215,75.2,88,20,13.8,light rain
221,Ancud,CL,-41.8697,-73.8203,80.6,36,0,6.91,clear sky
222,Basqal,AZ,40.7552,48.391,53.6,50,90,19.57,overcast clouds
223,Faanui,PF,-16.4833,-151.75,81.1,74,5,11.88,clear sky
224,Watrous,CA,51.6668,-105.4679,-29.2,68,25,8.05,scattered clouds
225,Atasu,KZ,48.6814,71.6433,19.54,96,99,12.33,overcast clouds
226,Fukue,JP,32.6881,128.8419,53.78,59,24,21.16,few clouds
227,Touros,BR,-5.1989,-35.4608,87.8,58,40,17.27,scattered clouds
228,Talaya,RU,61.3833,152.75,-6.0,88,100,9.82,overcast clouds
229,Kapaa,US,22.0752,-159.319,59.0,77,1,10.36,clear sky
230,Hailin,CN,44.5833,129.4167,-9.27,87,48,5.26,scattered clouds
231,Lasa,IT,46.6166,10.7002,39.99,86,90,5.75,light rain
232,Sitka,US,57.0531,-135.33,30.2,47,1,5.75,clear sky
233,Torbay,CA,47.6666,-52.7314,34.0,55,20,36.82,few clouds
234,Yining,CN,29.0361,114.5636,52.12,85,100,5.14,light rain
235,Srednekolymsk,RU,67.45,153.6833,-10.35,85,83,4.68,broken clouds
236,Pacifica,US,37.6138,-122.4869,57.0,82,20,3.44,few clouds
237,Kaitangata,NZ,-46.2817,169.8464,59.0,94,61,3.0,broken clouds
238,Tripoli,LY,32.8752,13.1875,71.67,32,93,16.89,overcast clouds
239,Cockburn Town,TC,21.4612,-71.1419,80.6,74,40,14.97,scattered clouds
240,Port Elizabeth,ZA,-33.918,25.5701,68.0,94,40,5.75,scattered clouds
241,Jati,PK,24.3539,68.2671,63.12,35,0,6.55,clear sky
242,Katete,UG,-0.7818,29.7544,68.52,43,31,4.09,scattered clouds
243,Ararangua,BR,-28.9347,-49.4858,78.96,64,0,11.07,clear sky
244,Porto Velho,BR,-8.7619,-63.9039,87.8,66,40,5.75,scattered clouds
245,Bahia Honda,CU,22.9036,-83.1592,84.83,62,2,10.47,clear sky
246,Kavaratti,IN,10.5669,72.642,81.12,70,2,7.2,clear sky
247,Bolshaya Martynovka,RU,47.271,41.6679,21.72,75,65,7.81,broken clouds
248,Sorland,NO,67.667,12.6934,35.6,80,40,19.57,scattered clouds
249,Roald,NO,62.5833,6.1333,24.8,42,0,11.5,clear sky
250,Tuatapere,NZ,-46.1333,167.6833,55.78,73,95,4.76,overcast clouds
251,Mayenne,FR,48.3333,-0.6667,39.2,70,90,10.36,overcast clouds
252,Anadyr,RU,64.75,177.4833,14.0,31,59,20.13,snow
253,Gravdal,NO,68.1214,13.5031,33.8,69,40,16.11,scattered clouds
254,Cururupu,BR,-1.8283,-44.8683,86.22,64,45,7.05,scattered clouds
255,Tabou,CI,4.423,-7.3528,81.52,82,70,8.41,light rain
256,Pevek,RU,69.7008,170.3133,-6.29,86,0,1.86,clear sky
257,Road Town,VG,18.4167,-64.6167,84.2,61,40,13.8,scattered clouds
258,Houston,US,29.7633,-95.3633,59.0,54,1,9.22,clear sky
259,Vestmannaeyjar,IS,63.4427,-20.2734,35.6,80,40,25.32,scattered clouds
260,Ulkan,RU,57.243,107.3223,23.68,96,100,8.77,light snow
261,Kenai,US,60.5544,-151.2583,8.6,85,90,5.75,mist
262,Boa Vista,BR,2.8197,-60.6733,87.8,51,75,12.66,broken clouds
263,Dicabisagan,PH,17.0818,122.4157,74.7,84,21,2.64,few clouds
264,Samarai,PG,-10.6167,150.6667,81.88,78,55,5.64,broken clouds
265,Mayumba,GA,-3.432,10.6554,79.63,85,87,7.78,moderate rain
266,Jumla,NP,29.2747,82.1838,35.51,58,0,6.22,clear sky
267,Aquidauana,BR,-20.4711,-55.7872,87.85,44,0,2.62,clear sky
268,Pahrump,US,36.2083,-115.9839,48.0,34,1,5.75,clear sky
269,Quatre Cocos,MU,-20.2078,57.7625,80.6,74,20,10.36,light rain
270,Blackwater,AU,-23.5833,148.8833,78.51,81,52,5.26,broken clouds
271,Tori,EE,58.4825,24.8152,19.0,99,71,2.73,broken clouds
272,Saint George,US,37.1041,-113.5841,44.6,36,1,3.44,clear sky
273,Antalaha,MG,-14.9003,50.2788,78.33,82,92,2.71,light rain
274,Morro Da Fumaca,BR,-28.6508,-49.21,78.67,65,0,10.25,clear sky
275,Avanigadda,IN,16.0215,80.9181,68.31,87,0,3.47,clear sky
276,Dunedin,NZ,-45.8742,170.5036,57.99,91,68,3.0,broken clouds
277,Tamiahua,MX,21.2667,-97.45,73.04,72,40,8.34,scattered clouds
278,Akividu,IN,16.6,81.3833,64.89,94,5,4.72,clear sky
279,Lithakia,GR,37.7167,20.8333,62.6,72,75,16.11,broken clouds
280,Chokurdakh,RU,70.6333,147.9167,-23.75,85,71,7.34,broken clouds
281,Mount Gambier,AU,-37.8333,140.7667,55.4,71,90,8.05,overcast clouds
282,Togur,RU,58.3631,82.8265,12.63,94,99,14.27,overcast clouds
283,Matara,LK,5.9485,80.5353,76.17,85,21,3.83,few clouds
284,Margate,GB,51.3813,1.3862,30.99,85,100,8.01,snow
285,Ahipara,NZ,-35.1667,173.1667,59.5,89,58,7.25,broken clouds
286,Yabrud,SY,33.9674,36.6574,51.8,87,0,11.5,clear sky
287,Deputatskiy,RU,69.3,139.9,-30.06,86,0,1.23,clear sky
288,Lazaro Cardenas,MX,17.9583,-102.2,83.46,51,8,5.73,clear sky
289,Westport,US,41.1415,-73.3579,30.99,86,90,12.66,heavy snow
290,Manacapuru,BR,-3.2997,-60.6206,78.8,89,75,13.8,broken clouds
291,Inuvik,CA,68.3499,-133.7218,-14.8,76,100,5.75,overcast clouds
292,Bindura,ZW,-17.3019,31.3306,72.0,69,77,1.01,broken clouds
293,Magistralnyy,RU,56.1725,107.4458,19.54,96,100,7.61,light snow
294,Xai-Xai,MZ,-25.0519,33.6442,77.68,79,100,5.19,overcast clouds
295,Wewak,PG,-3.5534,143.6268,78.76,82,97,6.87,overcast clouds
296,Pierre,US,44.3683,-100.351,-0.4,65,90,13.8,light snow
297,Bengkulu,ID,-3.8004,102.2655,76.46,85,100,6.29,light rain
298,Port Lincoln,AU,-34.7333,135.8667,58.98,81,15,16.13,few clouds
299,Makakilo City,US,21.3469,-158.0858,64.4,72,1,3.44,clear sky
300,Porto Novo,BJ,6.4965,2.6036,87.8,74,20,16.11,few clouds
301,Ormara,PK,25.2088,64.6357,68.94,51,0,10.11,clear sky
302,Kodiak,US,57.79,-152.4072,26.6,68,1,4.61,clear sky
303,Maniitsoq,GL,65.4167,-52.9,28.4,81,0,16.82,clear sky
304,Granville,AU,-33.8333,151.0167,69.8,73,75,18.41,broken clouds
305,Ponta Do Sol,PT,32.6667,-17.1,61.0,69,75,3.0,broken clouds
306,Matagami,CA,49.7502,-77.6328,10.4,85,75,11.5,light snow
307,Vignola,IT,44.483,11.0048,52.0,100,40,2.3,mist
308,Dingle,PH,10.9995,122.6711,75.47,91,100,8.93,overcast clouds
309,Yei,SS,4.095,30.6779,74.25,24,81,3.8,broken clouds
310,Shihezi,CN,44.3,86.0333,18.07,95,100,2.64,overcast clouds
311,Uglegorsk,RU,49.0833,142.0333,5.43,94,100,12.46,snow
312,Beloha,MG,-25.1667,45.05,76.24,84,23,8.55,few clouds
313,Naples Park,US,26.2617,-81.8093,77.0,88,90,10.36,light rain
314,Reeuwijk,NL,52.0467,4.725,24.01,95,100,5.99,light snow
315,Buloh Kasap,MY,2.5536,102.764,78.8,83,20,5.75,few clouds
316,Batagay-Alyta,RU,67.8006,130.4114,-32.93,79,0,2.44,clear sky
317,Isangel,VU,-19.55,169.2667,77.18,80,20,4.47,few clouds
318,Valparaiso,CL,-33.0393,-71.6273,66.2,63,40,10.36,scattered clouds
319,Maputo,MZ,-25.9653,32.5892,82.0,74,75,6.91,broken clouds
320,Saint-Augustin,CA,51.226,-58.6502,28.99,93,64,21.56,broken clouds
321,Necochea,AR,-38.5473,-58.7368,59.0,95,88,5.01,overcast clouds
322,Nalut,LY,30.3333,10.85,65.64,27,23,14.18,few clouds
323,Yanam,IN,16.7333,82.2167,69.51,82,17,3.94,few clouds
324,Cairns,AU,-16.9167,145.7667,80.01,100,100,4.29,overcast clouds
325,Tornio,FI,65.8481,24.1466,6.8,92,0,1.14,clear sky
326,Salvador,SV,13.8333,-88.9167,89.6,55,20,6.91,few clouds
327,Dondo,MZ,-19.6094,34.7431,84.2,79,75,1.14,broken clouds
328,Montecristo,CO,8.2971,-74.4733,94.14,52,98,1.95,overcast clouds
329,Ilulissat,GL,69.2167,-51.1,26.6,36,0,11.5,clear sky
330,Tevaitoa,PF,-16.7833,-151.5,81.16,74,5,12.77,light rain
331,Port Macquarie,AU,-31.4333,152.9167,68.0,97,72,1.99,broken clouds
332,Abatskoye,RU,56.2875,70.4555,2.89,91,100,16.62,overcast clouds
333,Listvyagi,RU,53.6772,86.951,22.66,96,84,6.89,broken clouds
334,Caravelas,BR,-17.7125,-39.2481,82.15,80,82,8.01,heavy intensity rain
335,Araouane,ML,18.9048,-3.5265,72.03,20,85,10.87,overcast clouds
336,Palmer,US,42.1584,-72.3287,30.0,86,90,5.75,light snow
337,Fort Nelson,CA,58.8053,-122.7002,-36.4,74,40,2.3,scattered clouds
338,Port Said,EG,31.2565,32.2841,62.6,77,0,4.61,clear sky
339,Keetmanshoop,NA,-26.5833,18.1333,93.2,11,0,9.22,clear sky
340,Polis,CY,35.0367,32.4264,55.4,71,40,5.75,scattered clouds
341,Leh,IN,34.1667,77.5833,13.23,57,0,1.34,clear sky
342,Kapoeta,SS,4.7717,33.5903,80.26,17,67,4.12,broken clouds
343,Hervey Bay,AU,-25.2986,152.8535,80.01,86,49,3.0,scattered clouds
344,Staropyshminsk,RU,56.9387,60.903,-5.8,65,100,15.66,snow
345,Hovd,MN,48.0056,91.6419,13.84,86,90,1.39,overcast clouds
346,Zhigansk,RU,66.7697,123.3711,-29.6,80,91,11.72,overcast clouds
347,Waitati,NZ,-45.75,170.5667,57.99,90,60,1.01,broken clouds
348,Murgab,TM,37.4966,61.9714,51.8,62,75,6.91,broken clouds
349,Saint-Philippe,RE,-21.3585,55.7679,80.6,78,34,4.61,scattered clouds
350,Comodoro Rivadavia,AR,-45.8667,-67.5,64.4,52,20,17.27,few clouds
351,Solnechnyy,RU,50.7214,136.6319,0.1,89,95,3.98,overcast clouds
352,Kaeo,NZ,-35.1,173.7833,59.0,92,64,6.91,broken clouds
353,Sao Joao Da Barra,BR,-21.6403,-41.0511,73.4,94,90,6.91,heavy intensity rain
354,Korla,CN,41.7597,86.1469,31.98,79,67,5.37,broken clouds
355,Lahad Datu,MY,5.0268,118.327,75.97,91,100,4.79,overcast clouds
356,Oksfjord,NO,70.2396,22.3479,25.0,80,90,16.11,light snow
357,Pasni,PK,25.2631,63.471,68.41,53,0,6.67,clear sky
358,Cherskiy,RU,68.75,161.3,-4.38,71,41,1.14,scattered clouds
359,Waingapu,ID,-9.6567,120.2641,78.13,82,94,5.82,overcast clouds
360,Saint-Pierre,RE,-21.3393,55.4781,80.6,78,33,4.61,scattered clouds
361,Bourail,NC,-21.5667,165.4833,74.21,82,100,2.53,overcast clouds
362,Merauke,ID,-8.4667,140.3333,79.65,86,93,11.77,overcast clouds
363,Oriximina,BR,-1.7656,-55.8661,91.06,48,86,4.45,light rain
364,Cam Ranh,VN,11.9214,109.1591,77.0,69,20,9.22,few clouds
365,Darab,IR,28.7519,54.5444,55.63,65,70,8.28,broken clouds
366,Mareeba,AU,-17.0,145.4333,80.01,100,100,2.46,overcast clouds
367,Leningradskiy,RU,69.3833,178.4167,-13.77,79,5,5.41,clear sky
368,Hofn,IS,64.2539,-15.2082,36.81,82,100,16.04,overcast clouds
369,Senneterre,CA,48.3835,-77.2328,14.0,67,90,8.05,light snow
370,Lingao,CN,19.9103,109.6859,67.95,88,23,7.96,few clouds
371,Henties Bay,NA,-22.116,14.2845,64.99,87,83,3.0,broken clouds
372,Urumqi,CN,43.801,87.6005,12.2,92,100,2.24,mist
373,Pirot,RS,43.1531,22.5861,52.0,74,93,5.66,overcast clouds
374,Tigil,RU,57.8,158.6667,27.79,93,13,17.92,few clouds
375,Ambon,ID,-3.6954,128.1814,77.0,88,40,6.91,scattered clouds
376,Cambuquira,BR,-21.8522,-45.2958,79.0,60,89,5.99,overcast clouds
377,Soto La Marina,MX,23.7667,-98.2167,77.0,58,0,5.01,clear sky
378,Provost,CA,52.3501,-110.2683,-22.0,76,2,2.3,clear sky
379,Sao Jose Da Coroa Grande,BR,-8.8978,-35.1478,83.71,68,68,12.91,broken clouds
380,Kenora,CA,49.8167,-94.4337,-22.0,63,1,12.66,clear sky
381,Nova Olimpia,BR,-14.7972,-57.2881,93.56,31,21,4.59,few clouds
382,Ponta Delgada,PT,37.7333,-25.6667,62.01,77,75,16.11,broken clouds
383,Rio Pardo,BR,-29.9897,-52.3781,88.83,45,0,0.6,clear sky
384,Klaksvik,FO,62.2266,-6.589,35.6,75,40,13.8,scattered clouds
385,Taltal,CL,-25.4,-70.4833,69.73,61,36,6.64,scattered clouds
386,Yenagoa,NG,4.9247,6.2642,84.36,71,98,8.84,overcast clouds
387,Marsh Harbour,BS,26.5412,-77.0636,77.97,79,0,19.75,clear sky
388,Sao Francisco Do Conde,BR,-12.6275,-38.68,86.0,70,40,20.71,scattered clouds
389,Contamana,PE,-7.3333,-75.0167,92.25,49,81,4.56,broken clouds
390,Turukhansk,RU,65.8167,87.9833,5.4,94,100,17.22,light snow
391,Pangody,RU,65.85,74.4859,-1.1,92,100,20.67,light snow
392,Barahona,DO,18.2085,-71.1008,84.2,74,40,18.41,scattered clouds
393,Swinford,IE,53.95,-8.95,37.0,69,90,16.11,overcast clouds
394,Nouadhibou,MR,20.931,-17.0347,71.6,56,0,12.66,clear sky
395,Airai,TL,-8.9266,125.4092,60.55,100,100,2.73,overcast clouds
396,Milove,UA,49.3787,40.1302,13.5,77,40,9.78,scattered clouds
397,Longyan,CN,25.1072,117.0225,57.92,73,0,1.36,clear sky
398,Yakeshi,CN,49.2833,120.7333,-21.6,87,52,2.57,broken clouds
399,Portobelo,PA,9.55,-79.65,90.0,99,37,13.38,scattered clouds
400,Raudeberg,NO,61.9875,5.1352,25.0,63,0,4.36,clear sky
401,Whitehorse,CA,60.7161,-135.0538,-11.2,84,90,3.44,light snow
402,Karasuk,RU,53.7377,78.0403,12.11,93,55,16.28,broken clouds
403,Amazar,RU,53.858,120.875,-15.86,82,18,2.35,few clouds
404,Alexandria,EG,31.2156,29.9553,60.8,77,20,4.61,few clouds
405,Kloulklubed,PW,7.0419,134.2556,77.0,94,90,5.75,overcast clouds
406,Paamiut,GL,61.994,-49.6678,30.52,84,62,6.64,broken clouds
407,Ayan,RU,56.45,138.1667,-5.21,79,100,22.03,overcast clouds
408,Andenes,NO,69.3143,16.1194,32.0,69,99,23.02,overcast clouds
409,Manavalakurichi,IN,8.1333,77.3,82.4,69,20,10.11,mist
410,Novoagansk,RU,61.9449,76.6625,12.58,94,98,15.19,overcast clouds
411,Olean,US,42.0776,-78.4297,23.0,73,90,6.91,light snow
412,Zhangye,CN,38.9342,100.4517,28.38,71,51,1.9,broken clouds
413,Xinxiang,CN,35.3089,113.8672,36.45,71,69,6.98,broken clouds
414,Rio Grande,BR,-32.035,-52.0986,80.6,61,20,11.5,few clouds
415,Egvekinot,RU,66.3167,-179.1667,-9.0,79,0,15.21,clear sky
416,Kermanshah,IR,34.3142,47.065,44.6,81,20,4.61,few clouds
417,Mokhsogollokh,RU,61.4681,128.9203,-34.04,84,56,2.13,broken clouds
418,Fortuna,US,40.5982,-124.1573,48.0,93,90,6.91,overcast clouds
419,Indramayu,ID,-6.3264,108.32,77.49,91,100,16.87,moderate rain
420,Geraldton,AU,-28.7667,114.6,69.8,78,40,9.22,scattered clouds
421,Bodmin,GB,50.4715,-4.7243,34.0,69,21,10.36,few clouds
422,Kurumkan,RU,54.3,110.3,-0.42,87,100,1.21,overcast clouds
423,Matane,CA,48.8286,-67.522,23.0,58,5,12.66,clear sky
424,Asgardstrand,NO,59.3489,10.4675,18.0,67,7,10.36,clear sky
425,Sao Felix Do Xingu,BR,-6.6447,-51.995,87.98,60,74,3.18,broken clouds
426,Nara,JP,34.6851,135.8049,42.01,74,1,5.21,clear sky
427,Sinnamary,GF,5.3833,-52.95,78.44,86,80,14.56,broken clouds
428,Tonantins,BR,-2.8731,-67.8022,89.89,59,60,3.62,broken clouds
429,Bechem,GH,7.0903,-2.025,90.45,34,81,2.62,broken clouds
430,Alofi,NU,-19.0595,-169.9187,77.0,94,80,3.44,broken clouds
431,Mogwase,ZA,-25.185,27.2665,66.96,85,81,4.92,broken clouds
432,San Quintin,MX,30.4833,-115.95,63.36,58,17,6.55,few clouds
433,Jalalabad,AF,34.4265,70.4515,57.97,35,11,0.81,few clouds
434,Tual,ID,-5.6667,132.75,83.34,80,100,16.67,overcast clouds
435,Kingaroy,AU,-26.5333,151.8333,70.0,83,34,1.14,scattered clouds
436,Beian,NO,63.6559,9.5683,21.2,86,20,9.22,few clouds
437,Emmett,US,43.8735,-116.4993,44.01,36,0,5.99,clear sky
438,Kiruna,SE,67.8557,20.2251,19.4,86,90,9.22,light snow
439,Aswan,EG,24.0934,32.907,69.3,36,0,15.21,clear sky
440,Meulaboh,ID,4.1363,96.1285,77.88,84,37,4.18,scattered clouds
441,La Mana,EC,-0.9333,-79.2167,62.6,55,75,19.57,light rain
442,Sulangan,PH,11.1373,123.7228,80.19,83,100,14.76,overcast clouds
443,Deder,ET,9.3167,41.45,53.85,95,81,8.12,broken clouds
444,Yulara,AU,-25.2406,130.9889,75.2,33,35,6.91,scattered clouds
445,Bull Savanna,JM,17.8868,-77.5902,80.51,65,5,19.13,clear sky
446,Verkhnyaya Maksakovka,RU,61.635,50.9674,-16.6,76,90,8.95,light snow
447,Muzhi,RU,65.3667,64.6667,-15.84,88,100,21.9,light snow
448,Huarmey,PE,-10.0681,-78.1522,77.31,61,72,9.93,broken clouds
449,Kaspiyskiy,RU,45.3929,47.3707,27.34,83,97,13.04,overcast clouds
450,Salalah,OM,17.0151,54.0924,73.4,68,40,3.44,scattered clouds
451,Fushan,CN,37.4958,121.2581,29.3,81,48,9.31,scattered clouds
452,Asau,RO,46.4333,26.4,28.99,75,100,2.15,overcast clouds
453,Mabaruma,GY,8.2,-59.7833,77.38,88,99,5.26,overcast clouds
454,Kirakira,SB,-10.4544,161.9205,78.94,81,52,6.93,broken clouds
455,Nha Trang,VN,12.25,109.1833,77.0,69,20,9.22,few clouds
456,Atherton,GB,53.5237,-2.4935,37.0,61,99,1.99,overcast clouds
457,Saint Paul,US,44.9444,-93.0933,-5.8,54,1,12.66,clear sky
458,Orlik,RU,52.5178,99.825,5.63,82,98,3.11,overcast clouds
459,Felipe Carrillo Puerto,MX,19.5833,-88.05,87.15,58,92,2.59,overcast clouds
460,Yinchuan,CN,38.4681,106.2731,31.68,77,86,4.32,overcast clouds
461,Shimoda,JP,34.6667,138.95,41.0,52,1,19.17,clear sky
462,Biak,ID,-0.9131,122.8766,77.61,80,100,2.98,heavy intensity rain
463,Miles City,US,46.4083,-105.8406,-2.2,60,1,8.05,clear sky
464,Rabo De Peixe,PT,37.8,-25.5833,62.01,77,75,16.11,broken clouds
465,Crotone,IT,39.0851,17.1178,57.2,100,40,10.36,drizzle
466,Hirara,JP,24.8,125.2833,68.59,72,96,11.03,overcast clouds
467,Zhangjiakou,CN,40.81,114.8794,18.77,79,0,4.65,clear sky
468,Sungairaya,ID,0.7,108.9,75.83,89,100,7.63,overcast clouds
469,Lompoc,US,34.6391,-120.4579,60.01,71,1,3.44,clear sky
470,Mikhaylovka,RU,50.06,43.2379,10.0,74,58,11.99,broken clouds
471,Shuyskoye,RU,59.3736,41.0305,-14.62,87,78,6.8,broken clouds
472,Arlit,NE,18.7369,7.3853,76.82,14,95,7.58,overcast clouds
473,Hualmay,PE,-11.0964,-77.6139,77.09,62,100,9.19,overcast clouds
474,Trincomalee,LK,8.5711,81.2335,79.34,83,46,16.26,scattered clouds
475,Neuquen,AR,-38.9516,-68.0591,69.8,46,90,10.36,overcast clouds
476,Prieska,ZA,-29.6641,22.7474,88.34,13,0,8.37,clear sky
477,Aborlan,PH,9.4352,118.5492,78.8,83,75,9.22,broken clouds
478,San Policarpo,PH,12.1791,125.5072,80.06,84,100,18.23,overcast clouds
479,Vanavara,RU,60.34,102.2797,27.55,97,100,8.34,overcast clouds
480,Marawi,PH,7.9986,124.2928,75.0,95,100,3.0,overcast clouds
481,Umm Lajj,SA,25.0213,37.2685,74.39,27,0,18.68,clear sky
482,Cradock,ZA,-32.1642,25.6192,68.31,72,37,11.32,scattered clouds
483,Kolyvan,RU,55.3053,82.7391,17.6,62,0,13.42,clear sky
484,La Rioja,ES,42.25,-2.5,48.2,66,90,10.36,overcast clouds
485,Rocha,UY,-34.4833,-54.3333,78.58,59,24,11.25,few clouds
486,Kununurra,AU,-15.7667,128.7333,78.8,77,40,9.4,scattered clouds
487,Santa Isabel,BR,-23.3156,-46.2214,78.8,57,40,9.22,scattered clouds
488,Athabasca,CA,54.7169,-113.2854,-36.4,60,0,2.3,clear sky
489,Liverpool,GB,53.4106,-2.9779,35.6,69,75,17.27,broken clouds
490,Berlevag,NO,70.8578,29.0864,24.8,79,75,20.71,snow
491,Atlantic Beach,US,30.3344,-81.3987,64.99,72,90,10.36,overcast clouds
492,Axim,GH,4.8699,-2.2405,81.18,82,91,8.46,light rain
493,Saint Anthony,US,45.0205,-93.218,-7.6,54,1,10.36,clear sky
494,Nuwara Eliya,LK,6.9708,80.7829,53.87,100,60,4.45,broken clouds
495,Lamu,KE,-2.2717,40.902,80.6,78,1,10.36,clear sky
496,Nieuw Amsterdam,SR,5.8833,-55.0833,87.8,62,40,13.8,scattered clouds
497,Khandyga,RU,62.6667,135.6,-33.61,82,45,2.77,scattered clouds
498,Dzialdowo,PL,53.2396,20.17,6.8,78,0,8.05,clear sky
499,Keti Bandar,PK,24.1447,67.4497,68.13,52,0,8.03,clear sky
500,Roswell,US,34.0232,-84.3616,48.0,71,20,8.05,few clouds
501,Ewa Beach,US,21.3156,-158.0072,64.4,72,1,3.44,clear sky
502,Domoni,KM,-12.2569,44.5319,81.05,80,100,9.06,moderate rain
503,Udachnyy,RU,66.4167,112.4,-24.86,84,100,7.16,overcast clouds
504,Abay,KZ,49.6311,72.8539,23.0,80,75,13.42,broken clouds
505,Xiaoweizhai,CN,26.1903,107.5125,54.61,92,100,2.59,moderate rain
506,Tete,MZ,-16.1564,33.5867,89.6,55,20,4.61,few clouds
507,Ho Chi Minh City,VN,10.75,106.6667,78.8,83,75,2.3,broken clouds
508,Alice Springs,AU,-23.7,133.8833,77.0,33,29,5.75,scattered clouds
509,Turki,RU,51.987,43.2731,-4.52,91,98,11.23,overcast clouds
510,Pringsewu,ID,-5.3582,104.9744,73.71,93,100,3.4,moderate rain
511,Iberia,US,29.9502,-91.7507,55.4,62,1,11.5,clear sky
512,Oistins,BB,13.0667,-59.5333,82.4,61,75,26.46,broken clouds
513,Chapais,CA,49.7834,-74.8492,15.8,79,90,13.8,light snow
514,Along,IN,28.1667,94.7667,52.07,58,0,1.72,clear sky
515,Kysyl-Syr,RU,63.8986,122.7617,-27.35,83,96,11.81,overcast clouds
516,Cayenne,GF,4.9333,-52.3333,82.4,78,75,14.97,broken clouds
517,Marzuq,YE,14.4,46.4667,63.21,66,0,2.08,clear sky
518,Udarnyy,RU,54.3409,42.8611,1.78,93,100,10.31,overcast clouds
519,Salinopolis,BR,-0.6136,-47.3561,80.83,84,80,10.04,moderate rain
520,San Juan,AR,-31.5375,-68.5364,95.65,20,2,16.69,clear sky
521,Rio Gallegos,AR,-51.6226,-69.2181,69.8,30,0,5.75,clear sky
522,Acarau,BR,-2.8856,-40.12,87.66,58,2,16.62,clear sky
523,Portland,US,45.5234,-122.6762,44.6,70,90,3.44,overcast clouds
524,Ossora,RU,59.2353,163.0719,21.25,96,100,36.62,snow
525,El Carmen,CO,8.5106,-73.4478,86.52,45,95,2.64,overcast clouds
526,Maumere,ID,-8.6199,122.2111,79.77,77,100,0.69,overcast clouds
527,Avera,US,33.194,-82.5271,46.99,81,90,6.91,overcast clouds
528,Gobabis,NA,-22.45,18.9667,77.61,49,46,15.28,scattered clouds
529,Bida,NG,9.0833,6.0167,90.25,12,71,0.6,broken clouds
530,Iquique,CL,-20.2208,-70.1431,78.8,44,0,19.57,clear sky
531,Puro,PH,12.4841,123.3827,78.31,85,100,15.39,overcast clouds
532,Vuktyl,RU,63.8567,57.3094,-23.67,85,100,9.33,light snow
533,Yakovlevo,RU,50.8603,36.4478,6.8,72,0,8.95,clear sky
534,Talnakh,RU,69.4865,88.3972,-22.27,73,0,3.36,clear sky
535,Kondagaon,IN,19.6,81.6667,57.43,36,9,4.41,clear sky
536,Le Vauclin,MQ,14.5452,-60.8388,78.01,83,75,20.71,broken clouds
537,Okhotsk,RU,59.3833,143.3,13.24,89,100,21.07,overcast clouds
538,Magnolia,US,33.2671,-93.2393,44.01,81,90,10.36,overcast clouds
539,Severnyy,RU,50.677,36.5532,6.8,72,0,8.95,clear sky
540,Buzmeyin,TM,38.0507,58.2056,53.6,76,75,6.91,broken clouds
541,Vao,NC,-22.6667,167.4833,77.13,85,25,2.71,scattered clouds
542,Conakry,GN,9.538,-13.6773,86.0,66,75,9.22,haze
543,Sucha Beskidzka,PL,49.7419,19.5943,21.0,86,75,21.85,light snow
544,Vrbno Pod Pradedem,CZ,50.1209,17.3832,18.0,96,100,11.05,light snow
545,Bilma,NE,18.6853,12.9164,67.96,21,80,4.97,broken clouds
546,General Roca,AR,-39.0333,-67.5833,69.8,46,90,10.36,overcast clouds
547,Maxixe,MZ,-23.8597,35.3472,82.4,74,40,6.91,scattered clouds
548,Sandnessjoen,NO,66.0217,12.6316,26.6,80,40,3.44,scattered clouds
549,Shingu,JP,33.7333,135.9833,43.47,75,0,7.23,clear sky
550,Adrar,MR,20.5022,-10.0711,68.76,24,0,11.54,clear sky
551,Magadan,RU,59.5667,150.8,14.36,86,100,19.62,overcast clouds
552,Vila Velha,BR,-20.3297,-40.2925,71.6,94,90,5.75,overcast clouds
553,Rock Sound,BS,24.9,-76.2,75.65,88,0,12.64,clear sky
554,Maloy,NO,61.9353,5.1136,26.6,50,0,12.66,clear sky
555,Pilar,BR,-9.5972,-35.9567,87.8,62,40,14.97,scattered clouds
556,Severo-Yeniseyskiy,RU,60.3725,93.0408,25.66,97,76,12.33,broken clouds
557,Mao,ES,39.8885,4.2658,48.2,93,40,8.05,scattered clouds
558,Valentin Gomez Farias,MX,28.2167,-106.5833,68.0,21,67,1.99,broken clouds
559,Pokosnoye,RU,55.5258,101.0536,13.32,94,91,5.75,overcast clouds
560,Parrita,CR,9.5201,-84.3225,86.0,50,20,18.41,few clouds
561,Ust-Kan,RU,50.9276,84.761,22.66,90,60,11.12,broken clouds
562,Devils Lake,US,48.1128,-98.8651,-16.01,63,90,9.22,overcast clouds
563,Veseloyarsk,RU,51.2836,81.1056,20.44,94,91,11.12,overcast clouds
564,Brigantine,US,39.4101,-74.3646,35.01,93,90,11.5,snow
565,Petropavlovka,RU,50.6114,105.3196,-0.33,88,26,2.51,scattered clouds
566,Shalinskoye,RU,55.7228,93.7594,29.8,92,59,15.48,broken clouds
567,Vilhena,BR,-12.7406,-60.1458,86.0,58,75,5.75,broken clouds
568,Ulaangom,MN,49.9811,92.0667,-5.75,89,100,0.72,overcast clouds
569,Plettenberg Bay,ZA,-34.0527,23.3716,66.0,75,98,6.58,overcast clouds
570,La Ronge,CA,55.1001,-105.2842,-36.4,61,17,9.22,few clouds
571,Verkhoyansk,RU,67.5447,133.385,-31.95,82,0,1.92,clear sky
572,Beaumont,US,30.0861,-94.1019,55.4,62,1,5.75,clear sky
573,Yuli,NG,9.6989,10.2744,84.34,14,93,5.23,overcast clouds
574,Quang Ngai,VN,15.1167,108.8,70.52,83,81,2.62,broken clouds
575,Artyom,AZ,40.4723,50.333,44.6,87,90,16.11,overcast clouds
576,Barao De Melgaco,BR,-16.1944,-55.9675,87.8,45,75,5.75,broken clouds
577,Elk City,US,35.412,-99.4043,32.0,100,90,9.22,mist
578,Inta,RU,66.0317,60.1659,-15.14,89,100,9.89,overcast clouds
579,Veraval,IN,20.9,70.3667,71.08,52,2,6.2,clear sky
580,Fallon,US,39.4735,-118.7774,48.99,36,1,5.75,clear sky
581,Eresos,GR,39.1667,25.9333,62.6,82,20,16.11,few clouds
582,Hvolsvollur,IS,63.7533,-20.2243,35.6,80,40,25.32,scattered clouds
583,Gondanglegi,ID,-7.7479,112.0132,75.15,91,100,5.88,overcast clouds
584,Bellevue,US,47.6104,-122.2007,44.01,75,40,8.05,scattered clouds
585,Dhola,IN,21.8833,71.7833,66.94,25,0,8.99,clear sky
586,Sal Rei,CV,16.1833,-22.9167,71.6,56,75,23.02,broken clouds
587,Abrau-Dyurso,RU,44.69,37.59,26.6,80,89,15.66,overcast clouds
588,Ngunguru,NZ,-35.6167,174.5,59.0,92,78,12.28,broken clouds
589,Genhe,CN,50.7833,121.5167,-19.79,85,4,2.24,clear sky
590,Jega,NG,12.2175,4.3792,86.63,18,99,7.49,overcast clouds
591,Kailua,US,21.4022,-157.7394,64.99,82,1,3.22,clear sky
592,Togul,RU,53.465,85.9128,24.44,98,88,5.21,overcast clouds
593,Vilcun,CL,-38.65,-72.2333,71.6,73,75,6.91,broken clouds
594,Bezhetsk,RU,57.7851,36.6965,-4.67,90,79,7.34,broken clouds
595,Havelock,US,34.8791,-76.9013,44.6,87,90,20.71,overcast clouds
596,Goderich,CA,43.7501,-81.7165,10.4,67,99,16.11,light snow
597,Kuminskiy,RU,58.6667,66.5667,1.92,92,100,13.0,overcast clouds
598,San Felipe,VE,10.3399,-68.7425,84.27,59,77,4.68,broken clouds
599,Strathpeffer,GB,57.588,-4.5382,33.01,80,83,10.36,broken clouds
600,Richards Bay,ZA,-28.783,32.0377,75.2,88,47,2.39,scattered clouds
601,High Level,CA,58.5169,-117.136,-38.2,67,40,2.3,fog
602,Barra Patuca,HN,15.8,-84.2833,83.35,65,15,12.48,few clouds
603,Sivaki,RU,52.6333,126.75,-16.94,88,26,7.05,scattered clouds
604,Dibulla,CO,11.2725,-73.3091,85.96,58,100,8.03,overcast clouds
605,Alta,NO,69.9689,23.2717,25.0,80,90,16.11,light snow
606,At-Bashi,KG,41.1702,75.8106,23.81,85,95,2.33,overcast clouds
607,Auki,SB,-8.7676,160.7034,77.77,85,77,6.78,broken clouds
608,Vaitape,PF,-16.5167,-151.75,81.1,74,9,11.95,clear sky
609,Bima,ID,-8.4667,118.7167,76.21,85,81,1.7,broken clouds
610,Dickinson,US,29.4608,-95.0513,59.0,58,1,9.22,clear sky
611,Aksha,RU,50.2814,113.2867,0.82,90,98,3.2,snow
612,Belen,TR,36.4891,36.2233,60.8,63,40,12.66,scattered clouds
613,Smithers,CA,54.7804,-127.1743,6.8,85,75,2.3,broken clouds
614,Bereda,ES,43.2686,-7.5406,46.99,97,100,11.99,overcast clouds
615,Saint-Joseph,RE,-21.3667,55.6167,80.6,78,32,4.61,scattered clouds
616,Bonfim,BR,3.0833,-59.95,87.03,50,100,4.97,overcast clouds
617,Taoudenni,ML,22.6783,-3.9836,69.67,22,0,8.93,clear sky
618,Adeje,ES,28.1227,-16.726,69.01,68,75,8.05,broken clouds
619,Camacupa,AO,-12.0167,17.4833,64.83,93,97,4.88,overcast clouds
620,Pontes E Lacerda,BR,-15.2261,-59.3353,90.46,41,79,3.0,broken clouds
621,Kulebaki,RU,55.4133,42.5325,4.19,93,99,9.19,overcast clouds
622,Terme,TR,41.2092,36.9739,46.4,87,75,3.44,broken clouds
623,Belaya Gora,RU,68.5333,146.4167,-26.28,83,54,4.38,broken clouds
624,Sao Miguel,BR,-5.4667,-35.3667,89.6,58,40,17.27,scattered clouds
625,Sasni,IN,27.7167,78.0833,56.07,53,0,4.63,clear sky
626,Olafsvik,IS,64.8945,-23.7142,33.75,85,1,14.58,clear sky
627,Inverell,AU,-29.7833,151.1167,64.0,88,25,1.01,scattered clouds
628,Carmen,MX,18.6333,-91.8333,78.8,73,20,3.44,few clouds
629,Pozo Colorado,PY,-23.4923,-58.7972,94.51,23,0,3.62,clear sky
630,Grindavik,IS,63.8424,-22.4338,32.0,69,40,12.66,scattered clouds
631,Brownwood,US,31.7093,-98.9912,57.2,38,1,13.8,clear sky
632,Kandrian,PG,-6.2167,149.55,79.93,80,98,10.56,overcast clouds
633,Xining,CN,36.6167,101.7667,25.77,57,5,2.64,clear sky
634,Banepa,NP,27.6298,85.5214,44.6,81,20,3.44,few clouds
635,Kuala Terengganu,MY,5.3302,103.1408,80.6,83,20,4.61,few clouds
636,La Palma,US,33.8464,-118.0467,57.2,93,40,1.83,mist
637,Mahanje,TZ,-9.9333,35.3333,68.56,92,83,3.27,light rain
638,Mezen,RU,65.8522,44.24,-18.38,88,95,8.05,overcast clouds
639,Thunder Bay,CA,48.4001,-89.3168,-6.0,53,40,19.57,scattered clouds
640,Yermekeyevo,RU,54.0761,53.6712,-6.34,89,100,12.55,overcast clouds
641,Olga,RU,43.7444,135.2892,2.57,80,12,16.08,few clouds
642,Sao Roque,BR,-23.5292,-47.1353,82.4,60,40,13.8,scattered clouds
643,Windsor,CA,42.3001,-83.0165,17.01,57,1,12.66,clear sky
644,Zanjan,IR,36.6736,48.4787,38.89,74,4,3.15,clear sky
645,Zabid,YE,14.1951,43.3152,73.85,74,34,7.56,scattered clouds
646,Hamilton,US,39.1834,-84.5333,21.99,53,1,9.22,clear sky
647,Bor,RU,56.3567,44.0669,-0.4,71,40,8.95,scattered clouds
648,Impfondo,CG,1.6381,18.0667,81.07,50,80,1.34,broken clouds
649,Quelimane,MZ,-17.8786,36.8883,84.2,79,75,5.75,broken clouds
650,Concarneau,FR,47.875,-3.9225,41.0,81,90,9.22,overcast clouds
651,Harper,LR,4.375,-7.7169,81.97,80,82,7.74,broken clouds
652,Manokwari,ID,-0.8667,134.0833,78.58,80,97,2.39,overcast clouds
653,Moundsville,US,39.9203,-80.7431,28.99,50,1,11.5,clear sky
654,Opuwo,NA,-18.0607,13.84,80.6,30,93,13.47,overcast clouds
655,Pitimbu,BR,-7.4706,-34.8086,86.0,70,75,12.66,broken clouds
656,Weymouth,US,42.2209,-70.9398,35.01,86,90,3.44,snow
657,Oros,BR,-6.2444,-38.9136,99.28,23,97,6.04,overcast clouds
658,Acajutla,SV,13.5928,-89.8275,84.2,58,0,9.98,clear sky
659,Petropavlovsk-Kamchatskiy,RU,53.0452,158.6483,19.4,100,100,6.71,light snow
660,Kargasok,RU,59.0556,80.8572,9.9,92,100,13.91,overcast clouds
661,Steamboat Springs,US,40.485,-106.8317,35.6,44,1,19.57,clear sky
662,Kieta,PG,-6.2167,155.6333,79.56,79,98,4.0,overcast clouds
663,Sambava,MG,-14.2667,50.1667,78.93,80,100,0.83,light rain
664,Sioux Lookout,CA,50.1001,-91.917,-20.2,57,40,12.66,scattered clouds
665,Idritsa,RU,56.3316,28.8988,5.9,95,52,4.94,broken clouds
666,Pisco,PE,-13.7,-76.2167,79.0,88,40,8.05,scattered clouds
667,Bagula,IN,23.3167,88.65,61.5,42,0,7.43,clear sky
668,Manicore,BR,-5.8092,-61.3003,85.86,79,81,2.62,broken clouds
669,Niquelandia,BR,-14.4739,-48.4597,70.21,94,100,7.09,moderate rain
670,Mount Isa,AU,-20.7333,139.5,78.8,94,75,6.91,broken clouds
671,Kerema,PG,-7.9631,145.7785,78.49,83,94,5.41,heavy intensity rain
672,Kropotkin,RU,45.4375,40.5756,26.11,98,100,3.44,light snow
673,Powell,US,40.1578,-83.0752,19.0,62,1,10.36,clear sky
674,Joshimath,IN,30.5667,79.5667,48.69,32,0,8.84,clear sky
675,Grand Gaube,MU,-20.0064,57.6608,80.01,80,77,4.0,light rain
676,Broome,US,42.2506,-75.833,33.01,93,90,6.91,mist
677,Tongren,CN,27.7172,109.1853,49.05,81,100,8.39,light rain
678,Shellbrook,CA,53.2168,-106.4011,-31.0,75,1,8.05,clear sky
679,Monroe,US,43.1501,-77.6831,26.01,74,75,13.8,broken clouds
